{"cameraMode":{"drawMode":0,"name":"Shaded","section":"Shading Mode"},"sceneLighting":true,"audioPlay":false,"sceneViewState":{"showFog":false,"showMaterialUpdate":false,"showSkybox":false,"showFlares":false,"showImageEffects":false,"showParticleSystems":false,"showVisualEffectGraphs":true,"m_FxEnabled":true},"in2DMode":false,"pivot":{"x":0.29935163259506228,"y":-0.09970903396606446,"z":-0.8554244041442871},"rotation":{"x":0.16125166416168214,"y":-0.022203560918569566,"z":0.003628749866038561,"w":0.9866582155227661},"size":1.770358920097351,"orthographic":false}